<?xml version="1.0" encoding="UTF-8"?>
<project-private xmlns="http://www.netbeans.org/ns/project-private/1">
    <editor-bookmarks xmlns="http://www.netbeans.org/ns/editor-bookmarks/2" lastBookmarkId="0"/>
    <open-files xmlns="http://www.netbeans.org/ns/projectui-open-files/2">
        <group>
            <file>file:/D:/NCI%20BScH%20Computing/_Year%202/Semester%201/Object%20Oriented%20Programming/Project%202017/ETeamSoftware/src/eteamsoftware/ETeamLoginGUI.java</file>
            <file>file:/D:/NCI%20BScH%20Computing/_Year%202/Semester%201/Object%20Oriented%20Programming/Project%202017/ETeamSoftware/src/eteamsoftware/Member.java</file>
            <file>file:/D:/NCI%20BScH%20Computing/_Year%202/Semester%201/Object%20Oriented%20Programming/Project%202017/ETeamSoftware/src/eteamsoftware/DataPassing.java</file>
            <file>file:/D:/NCI%20BScH%20Computing/_Year%202/Semester%201/Object%20Oriented%20Programming/Project%202017/ETeamSoftware/src/eteamsoftware/ETeamAdminGUI.java</file>
            <file>file:/D:/NCI%20BScH%20Computing/_Year%202/Semester%201/Object%20Oriented%20Programming/Project%202017/ETeamSoftware/src/eteamsoftware/ETeamApp.java</file>
            <file>file:/D:/NCI%20BScH%20Computing/_Year%202/Semester%201/Object%20Oriented%20Programming/Project%202017/ETeamSoftware/src/eteamsoftware/ETeam.java</file>
            <file>file:/D:/NCI%20BScH%20Computing/_Year%202/Semester%201/Object%20Oriented%20Programming/Project%202017/ETeamSoftware/src/eteamsoftware/ETeamMemberGUI.java</file>
            <file>file:/D:/NCI%20BScH%20Computing/_Year%202/Semester%201/Object%20Oriented%20Programming/Project%202017/ETeamSoftware/src/eteamsoftware/ETeamManagerGUI.java</file>
            <file>file:/D:/NCI%20BScH%20Computing/_Year%202/Semester%201/Object%20Oriented%20Programming/Project%202017/ETeamSoftware/src/eteamsoftware/ETeamWelcomeGUI.java</file>
            <file>file:/D:/NCI%20BScH%20Computing/_Year%202/Semester%201/Object%20Oriented%20Programming/Project%202017/ETeamSoftware/src/eteamsoftware/User.java</file>
            <file>file:/D:/NCI%20BScH%20Computing/_Year%202/Semester%201/Object%20Oriented%20Programming/Project%202017/ETeamSoftware/src/eteamsoftware/Manager.java</file>
        </group>
    </open-files>
</project-private>
